2026-04-29_19-29-33,0,main.go:2026-04-29_19-29-33
2026-04-29_20-02-49,0,main.go:2026-04-29_20-02-49
2026-04-29_20-09-13,0,main.go:2026-04-29_20-09-13
2026-04-29_20-14-49,0,main.go:2026-04-29_20-14-49
2026-04-29_20-15-24,0,main.go:2026-04-29_20-14-49
2026-04-29_20-16-08,0,main.go:2026-04-29_20-14-49
2026-04-29_20-16-10,0,main.go:2026-04-29_20-14-49
2026-04-29_20-16-34,---,main.go:2026-04-29_20-14-49
2026-04-29_20-30-08,0,main.go:2026-04-29_20-14-49
2026-04-29_20-55-41,0,main.go:2026-04-29_20-55-41
2026-04-29_21-05-27,0,main.go:2026-04-29_21-05-27
2026-04-29_21-16-29,0,main.go:2026-04-29_21-16-29
2026-04-29_21-17-01,0,main.go:2026-04-29_21-17-01
2026-04-30_18-32-57,0,main.go:2026-04-30_18-32-57
2026-04-30_18-36-05,0,main.go:2026-04-30_18-36-05
2026-04-30_18-37-51,0,main.go:2026-04-30_18-37-51
2026-04-30_18-38-20,0,main.go:2026-04-30_18-38-20
2026-04-30_18-38-35,0,main.go:2026-04-30_18-38-35
2026-04-30_18-38-52,0,main.go:2026-04-30_18-38-52
2026-04-30_18-40-10,0,main.go:2026-04-30_18-40-10
2026-04-30_18-41-09,0,main.go:2026-04-30_18-41-09
2026-04-30_18-58-51,0,main.go:2026-04-30_18-58-51
2026-04-30_19-01-11,9,main.go:2026-04-30_19-01-11
2026-04-30_19-08-57,9,main.go:2026-04-30_19-08-57
2026-04-30_19-10-30,9,main.go:2026-04-30_19-10-30
2026-04-30_19-10-57,9,main.go:2026-04-30_19-10-57
2026-04-30_19-13-25,9,main.go:2026-04-30_19-13-25
2026-04-30_19-14-06,9,main.go:2026-04-30_19-14-06
2026-04-30_19-27-53,9,main.go:2026-04-30_19-27-53
2026-04-30_19-30-43,9,main.go:2026-04-30_19-30-43
2026-04-30_19-36-09,9,main.go:2026-04-30_19-36-09
2026-04-30_19-38-06,9,main.go:2026-04-30_19-38-06
2026-04-30_19-39-23,9,main.go:2026-04-30_19-39-23
2026-04-30_19-39-58,18,main.go:2026-04-30_19-39-58
2026-04-30_19-40-47,27,main.go:2026-04-30_19-40-47
2026-04-30_19-46-54,27,main.go:2026-04-30_19-46-54
2026-04-30_20-09-47,36,main.go:2026-04-30_20-09-47
2026-04-30_20-13-39,36,main.go:2026-04-30_20-13-39
2026-04-30_20-15-30,27,main.go:2026-04-30_20-15-30
2026-04-30_20-16-36,27,main.go:2026-04-30_20-16-36
2026-04-30_20-17-01,27,main.go:2026-04-30_20-16-36
2026-04-30_20-17-51,36,main.go:2026-04-30_20-17-51
2026-04-30_20-20-08,27,main.go:2026-04-30_20-20-08
2026-04-30_20-23-03,36,main.go:2026-04-30_20-23-03
2026-04-30_20-23-53,36,main.go:2026-04-30_20-23-53
2026-04-30_20-30-12,36,main.go:2026-04-30_20-30-12
2026-04-30_20-30-31,36,main.go:2026-04-30_20-30-31
2026-05-08_18-27-38,36,main.go:2026-04-30_20-30-31
2026-05-08_18-39-23,9,main.go:2026-05-08_18-39-23
2026-05-08_18-49-15,36,main.go:2026-05-08_18-49-15
2026-05-08_18-52-15,36,main.go:2026-05-08_18-52-15
2026-05-08_18-55-40,36,main.go:2026-05-08_18-55-40
2026-05-08_18-58-49,45,main.go:2026-05-08_18-58-49
2026-05-08_19-02-25,45,main.go:2026-05-08_19-02-25
2026-05-08_19-02-59,54,main.go:2026-05-08_19-02-59
2026-05-08_19-06-35,54,main.go:2026-05-08_19-06-35
2026-05-08_19-07-32,63,main.go:2026-05-08_19-07-32
2026-05-08_19-22-19,63,main.go:2026-05-08_19-22-19
2026-05-08_19-23-49,63,main.go:2026-05-08_19-23-49
2026-05-08_19-26-54,63,main.go:2026-05-08_19-26-54
2026-05-08_21-19-54,63,main.go:2026-05-08_21-19-54
2026-05-08_21-20-44,63,main.go:2026-05-08_21-20-44
2026-05-08_21-25-01,63,main.go:2026-05-08_21-25-01
2026-05-08_21-27-34,63,main.go:2026-05-08_21-27-34
2026-05-08_21-28-00,54,main.go:2026-05-08_21-28-00
2026-05-08_21-44-25,63,main.go:2026-05-08_21-44-25
2026-05-08_21-53-51,63,main.go:2026-05-08_21-53-51
2026-05-08_21-58-06,81,main.go:2026-05-08_21-58-06
