2026-07-05_14-41-05,0,main.go:2026-07-05_14-41-05
2026-07-05_14-42-24,0,main.go:2026-07-05_14-41-05
2026-07-05_14-42-27,0,main.go:2026-07-05_14-41-05
2026-07-05_14-42-33,---,main.go:2026-07-05_14-41-05
2026-07-05_14-43-16,0,main.go:2026-07-05_14-41-05
2026-07-05_14-45-12,0,main.go:2026-07-05_14-45-12
2026-07-05_14-46-10,0,main.go:2026-07-05_14-45-12
2026-07-05_14-46-43,0,main.go:2026-07-05_14-46-43
2026-07-05_14-48-23,14,main.go:2026-07-05_14-48-23
2026-07-05_19-50-34,14,main.go:2026-07-05_19-50-34
2026-07-05_19-51-43,100,main.go:2026-07-05_19-51-43
