2026-04-12_14-03-58,0,main.go:2026-04-12_14-03-58
2026-04-15_16-08-21,0,main.go:2026-04-15_16-08-21
2026-04-15_16-14-29,0,main.go:2026-04-15_16-14-29
2026-04-16_20-13-43,0,draft.java:2026-04-16_20-13-43
2026-04-16_20-14-03,0,main.go:2026-04-16_20-14-03
2026-04-16_20-20-13,0,main.go:2026-04-16_20-20-13
2026-04-16_20-22-04,0,main.go:2026-04-16_20-22-04
2026-04-16_20-22-29,0,main.go:2026-04-16_20-22-04
2026-04-16_20-22-30,0,main.go:2026-04-16_20-22-04
2026-04-16_20-22-30,0,main.go:2026-04-16_20-22-04
2026-04-16_20-22-31,0,main.go:2026-04-16_20-22-04
2026-04-16_20-22-31,0,main.go:2026-04-16_20-22-04
2026-04-16_20-22-32,0,main.go:2026-04-16_20-22-04
2026-04-16_20-22-33,0,main.go:2026-04-16_20-22-04
2026-04-16_20-22-33,0,main.go:2026-04-16_20-22-04
2026-04-16_20-22-34,0,main.go:2026-04-16_20-22-04
2026-04-16_20-22-34,0,main.go:2026-04-16_20-22-04
2026-04-16_20-22-35,0,main.go:2026-04-16_20-22-04
2026-04-16_20-22-36,0,main.go:2026-04-16_20-22-04
2026-04-16_20-22-36,0,main.go:2026-04-16_20-22-04
2026-04-16_20-22-37,0,main.go:2026-04-16_20-22-04
2026-04-16_20-22-37,0,main.go:2026-04-16_20-22-04
2026-04-16_20-22-46,0,main.go:2026-04-16_20-22-04
2026-04-16_20-31-00,0,main.go:2026-04-16_20-31-00
2026-04-16_20-34-46,0,main.go:2026-04-16_20-34-46
2026-04-16_20-39-02,0,main.go:2026-04-16_20-34-46
2026-04-16_20-40-44,0,main.go:2026-04-16_20-40-44
2026-04-16_20-48-40,0,main.go:2026-04-16_20-48-40
