2026-03-24_20-06-42,0,Shell.java:2026-03-24_20-06-42
2026-03-24_20-07-50,0,Shell.java:2026-03-24_20-07-50
2026-03-24_20-19-36,0,Shell.java:2026-03-24_20-19-36
2026-03-24_20-19-47,0,Shell.java:2026-03-24_20-19-36
2026-03-24_20-19-54,0,Shell.java:2026-03-24_20-19-54
2026-03-24_20-20-05,0,Shell.java:2026-03-24_20-20-05
2026-03-24_20-28-53,12,Shell.java:2026-03-24_20-28-53
2026-03-24_20-30-32,12,Shell.java:2026-03-24_20-30-32
2026-03-24_20-30-55,12,Shell.java:2026-03-24_20-30-55
2026-03-24_20-31-16,0,Shell.java:2026-03-24_20-31-16
2026-03-24_20-42-04,0,Shell.java:2026-03-24_20-42-04
2026-03-24_20-44-25,12,Shell.java:2026-03-24_20-44-25
2026-03-24_20-55-56,12,Shell.java:2026-03-24_20-55-56
2026-03-24_22-11-21,0,Shell.java:2026-03-24_22-11-21
2026-03-24_22-11-57,12,Shell.java:2026-03-24_22-11-57
2026-03-24_22-13-42,12,Shell.java:2026-03-24_22-13-42
2026-03-24_22-29-53,12,Shell.java:2026-03-24_22-29-53
2026-03-24_22-32-58,12,Shell.java:2026-03-24_22-32-58
2026-03-24_22-34-42,12,Shell.java:2026-03-24_22-32-58
2026-03-24_22-38-21,12,Shell.java:2026-03-24_22-38-21
2026-03-24_22-38-52,12,Shell.java:2026-03-24_22-38-52
2026-03-24_22-41-50,12,Shell.java:2026-03-24_22-41-50
2026-03-24_22-42-56,25,Shell.java:2026-03-24_22-42-56
2026-03-24_22-57-53,25,Shell.java:2026-03-24_22-57-53
2026-03-24_22-59-48,25,Shell.java:2026-03-24_22-59-48
2026-03-24_23-00-45,25,Shell.java:2026-03-24_22-59-48
2026-03-24_23-03-46,25,Shell.java:2026-03-24_23-03-46
2026-03-24_23-09-36,25,Shell.java:2026-03-24_23-09-36
