2026-03-12_23-35-12,16,draft.java:2026-03-12_23-35-12
2026-03-12_23-37-58,0,draft.java:2026-03-12_23-37-58
2026-03-12_23-38-57,0,draft.java:2026-03-12_23-37-58
2026-03-12_23-39-09,16,draft.java:2026-03-12_23-39-09
2026-03-12_23-42-32,25,draft.java:2026-03-12_23-42-32
2026-03-12_23-42-51,25,draft.java:2026-03-12_23-42-51
2026-03-12_23-45-48,25,draft.java:2026-03-12_23-45-48
2026-03-12_23-50-39,0,draft.java:2026-03-12_23-50-39
2026-03-12_23-51-17,0,draft.java:2026-03-12_23-51-17
2026-03-12_23-51-58,75,draft.java:2026-03-12_23-51-58
2026-03-12_23-52-22,75,draft.java:2026-03-12_23-52-22
2026-03-12_23-53-21,75,draft.java:2026-03-12_23-53-21
2026-03-12_23-53-37,75,draft.java:2026-03-12_23-53-37
2026-03-12_23-55-24,50,draft.java:2026-03-12_23-55-24
2026-03-13_21-53-34,25,draft.java:2026-03-13_21-53-34
2026-03-13_21-53-58,58,draft.java:2026-03-13_21-53-58
2026-03-13_21-54-54,33,draft.java:2026-03-13_21-54-54
2026-03-13_21-55-20,58,draft.java:2026-03-13_21-55-20
2026-03-13_22-00-01,58,draft.java:2026-03-13_21-55-20
2026-03-13_22-04-16,0,draft.java:2026-03-13_22-04-16
2026-03-13_22-04-44,8,draft.java:2026-03-13_22-04-44
2026-03-13_22-12-09,8,draft.java:2026-03-13_22-12-09
2026-03-13_22-16-04,0,draft.java:2026-03-13_22-16-04
2026-03-13_22-22-00,25,draft.java:2026-03-13_22-22-00
2026-03-13_22-22-42,91,draft.java:2026-03-13_22-22-42
