2026-03-13_22-49-18,0,draft.java:2026-03-13_22-49-18
2026-03-13_22-52-49,0,draft.java:2026-03-13_22-52-49
2026-03-13_23-53-04,75,draft.java:2026-03-13_23-53-04
2026-03-13_23-55-38,75,draft.java:2026-03-13_23-53-04
2026-03-13_23-58-38,75,draft.java:2026-03-13_23-58-38
2026-03-13_23-59-03,75,draft.java:2026-03-13_23-59-03
2026-03-14_00-00-15,75,draft.java:2026-03-14_00-00-15
2026-03-14_00-02-32,75,draft.java:2026-03-14_00-02-32
2026-03-14_00-03-58,25,draft.java:2026-03-14_00-03-58
2026-03-14_00-05-38,50,draft.java:2026-03-14_00-05-38
2026-03-14_00-07-25,75,draft.java:2026-03-14_00-07-25
2026-03-14_00-09-07,100,draft.java:2026-03-14_00-09-07
2026-03-14_00-09-09,100,draft.java:2026-03-14_00-09-07
