2026-05-10_18-39-32,0,main.go:2026-05-10_18-39-32
2026-05-10_19-05-52,0,main.go:2026-05-10_19-05-52
2026-05-10_19-08-59,0,main.go:2026-05-10_19-08-59
2026-05-10_19-09-57,0,main.go:2026-05-10_19-09-57
2026-05-15_11-17-40,0,main.go:2026-05-15_11-17-40
2026-05-15_12-25-19,0,main.go:2026-05-15_12-25-19
2026-05-15_12-26-16,0,main.go:2026-05-15_12-25-19
2026-05-15_12-27-25,0,main.go:2026-05-15_12-27-25
2026-05-15_12-49-15,0,main.go:2026-05-15_12-49-15
2026-05-15_12-53-43,0,main.go:2026-05-15_12-53-43
2026-05-15_13-00-23,0,main.go:2026-05-15_13-00-23
2026-05-15_13-00-48,0,main.go:2026-05-15_13-00-48
2026-05-15_13-02-00,0,main.go:2026-05-15_13-02-00
2026-05-15_19-19-36,0,main.go:2026-05-15_19-19-36
2026-05-15_19-20-01,---,main.go:2026-05-15_19-19-36
2026-05-15_19-25-25,33,main.go:2026-05-15_19-25-25
2026-05-15_19-27-03,33,main.go:2026-05-15_19-27-03
2026-05-15_19-32-34,33,main.go:2026-05-15_19-32-34
2026-05-15_19-40-42,0,main.go:2026-05-15_19-40-42
2026-05-15_19-42-13,0,main.go:2026-05-15_19-40-42
2026-05-15_19-43-13,0,main.go:2026-05-15_19-43-13
2026-05-15_19-44-24,0,main.go:2026-05-15_19-44-24
2026-05-15_19-44-52,0,main.go:2026-05-15_19-44-52
2026-05-15_19-48-14,0,main.go:2026-05-15_19-48-14
2026-05-15_19-54-41,0,main.go:2026-05-15_19-54-41
2026-05-15_19-55-02,0,main.go:2026-05-15_19-55-02
2026-05-15_19-56-18,0,main.go:2026-05-15_19-56-18
2026-05-15_19-56-29,0,main.go:2026-05-15_19-56-29
2026-05-15_20-01-00,0,main.go:2026-05-15_20-01-00
2026-05-15_20-01-17,0,main.go:2026-05-15_20-01-17
2026-05-15_20-01-49,0,main.go:2026-05-15_20-01-49
2026-05-15_20-02-00,0,main.go:2026-05-15_20-02-00
2026-05-17_13-20-01,0,main.go:2026-05-17_13-20-01
2026-05-17_13-20-43,0,main.go:2026-05-17_13-20-43
2026-05-17_13-21-41,0,main.go:2026-05-17_13-21-41
2026-05-17_13-22-05,0,main.go:2026-05-17_13-22-05
2026-05-17_13-22-24,0,main.go:2026-05-17_13-22-24
2026-05-17_13-22-53,0,main.go:2026-05-17_13-22-53
2026-05-17_13-35-42,66,main.go:2026-05-17_13-35-42
2026-05-17_14-56-36,66,main.go:2026-05-17_14-56-36
2026-05-17_14-57-01,66,main.go:2026-05-17_14-57-01
2026-05-17_14-57-47,33,main.go:2026-05-17_14-57-47
2026-05-17_14-57-58,66,main.go:2026-05-17_14-57-58
2026-05-17_14-59-38,66,main.go:2026-05-17_14-59-38
2026-05-17_15-03-10,66,main.go:2026-05-17_15-03-10
2026-05-17_15-06-57,66,main.go:2026-05-17_15-06-57
2026-05-17_15-08-01,66,main.go:2026-05-17_15-08-01
2026-05-17_21-06-22,66,main.go:2026-05-17_15-08-01
2026-05-17_21-07-53,66,main.go:2026-05-17_15-08-01
2026-05-17_21-09-47,66,main.go:2026-05-17_21-09-47
2026-05-17_21-13-08,66,main.go:2026-05-17_21-13-08
2026-05-17_21-13-33,66,main.go:2026-05-17_21-13-33
2026-05-17_21-14-10,66,main.go:2026-05-17_21-14-10
2026-05-17_21-15-46,66,main.go:2026-05-17_21-15-46
2026-05-17_21-16-13,100,main.go:2026-05-17_21-16-13
2026-06-01_12-02-00,100,main.go:2026-06-01_12-02-00
2026-06-01_12-02-07,100,main.go:2026-06-01_12-02-00
