2026-05-18_18-58-48,0,draft.go:2026-05-18_18-58-48
2026-05-18_18-59-53,0,draft.go:2026-05-18_18-59-53
2026-05-18_19-00-34,0,draft.go:2026-05-18_19-00-34
2026-05-18_19-11-37,12,draft.go:2026-05-18_19-11-37
2026-05-19_18-39-23,12,draft.go:2026-05-19_18-39-23
2026-05-19_18-40-36,12,draft.go:2026-05-19_18-39-23
2026-05-19_18-40-38,12,draft.go:2026-05-19_18-39-23
2026-05-19_18-40-54,12,draft.go:2026-05-19_18-39-23
2026-05-19_18-40-56,---,draft.go:2026-05-19_18-39-23
2026-05-19_18-42-24,12,draft.go:2026-05-19_18-39-23
2026-05-19_18-44-49,37,draft.go:2026-05-19_18-44-49
2026-05-19_18-49-12,12,draft.go:2026-05-19_18-49-12
2026-05-19_18-49-47,12,draft.go:2026-05-19_18-49-47
2026-05-19_18-50-44,100,draft.go:2026-05-19_18-50-44
