2026-03-12_00-25-03,0,draft.java:2026-03-12_00-25-03
2026-03-12_15-12-23,20,draft.java:2026-03-12_15-12-23
2026-03-12_15-51-15,0,draft.java:2026-03-12_15-51-15
2026-03-12_15-51-52,0,draft.java:2026-03-12_15-51-15
2026-03-12_15-52-01,0,draft.java:2026-03-12_15-51-15
2026-03-12_15-53-20,0,draft.java:2026-03-12_15-51-15
2026-03-12_15-54-23,100,draft.java:2026-03-12_15-54-23
2026-03-12_21-51-43,100,draft.java:2026-03-12_15-54-23
2026-03-12_21-51-48,---,draft.java:2026-03-12_15-54-23
2026-04-11_12-47-18,0,draft.go:2026-04-11_12-47-18
2026-04-16_20-10-18,100,draft.java:2026-03-12_15-54-23
2026-04-16_20-10-44,100,draft.java:2026-03-12_15-54-23
