2026-03-10_19-01-06,---,draft.java:2026-03-10_19-01-06
2026-03-10_19-02-32,---,draft.java:2026-03-10_19-01-06
2026-03-10_19-03-24,---,draft.java:2026-03-10_19-03-24
2026-03-10_19-42-34,---,draft.java:2026-03-10_19-42-34
2026-03-10_19-45-47,---,draft.java:2026-03-10_19-45-47
2026-03-10_20-01-03,---,draft.java:2026-03-10_20-01-03
2026-03-12_01-26-36,0,draft.java:2026-03-12_01-26-36
2026-03-12_01-26-46,0,draft.java:2026-03-12_01-26-36
2026-03-12_01-26-54,---,draft.java:2026-03-12_01-26-36
2026-03-16_18-36-17,0,draft.java:2026-03-16_18-36-17
2026-03-17_18-46-49,0,draft.java:2026-03-17_18-46-49
2026-03-17_19-22-28,0,draft.java:2026-03-17_19-22-28
2026-03-17_19-25-32,0,draft.java:2026-03-17_19-25-32
2026-03-17_19-25-46,0,draft.java:2026-03-17_19-25-46
2026-03-17_19-27-00,33,draft.java:2026-03-17_19-27-00
<<<<<<< Updated upstream
2026-03-19_10-27-34,0,draft.java:2026-03-19_10-27-34
2026-03-19_11-09-12,33,draft.java:2026-03-19_11-09-12
2026-03-20_11-20-56,100,draft.java:2026-03-20_11-20-56
=======
2026-03-18_16-08-17,33,draft.java:2026-03-17_19-27-00
2026-03-18_16-09-44,33,draft.java:2026-03-17_19-27-00
2026-03-18_16-12-40,33,draft.java:2026-03-17_19-27-00
2026-03-18_16-13-14,33,draft.java:2026-03-17_19-27-00
2026-03-18_16-26-44,33,draft.java:2026-03-17_19-27-00
2026-03-18_16-28-52,33,draft.java:2026-03-18_16-28-52
2026-03-18_16-29-18,33,draft.java:2026-03-18_16-28-52
2026-03-18_16-29-28,33,draft.java:2026-03-18_16-28-52
2026-03-18_16-29-35,33,draft.java:2026-03-18_16-28-52
2026-03-18_16-29-47,---,draft.java:2026-03-18_16-28-52
2026-03-18_16-30-18,---,draft.java:2026-03-18_16-28-52
2026-03-18_19-05-10,0,draft.java:2026-03-18_19-05-10
2026-03-18_19-05-12,---,draft.java:2026-03-18_19-05-10
>>>>>>> Stashed changes
2026-03-23_18-45-00,100,draft.java:2026-03-23_18-45-00
