2026-03-14_14-56-47,0,draft.java:2026-03-14_14-56-47
2026-03-14_18-47-17,0,draft.java:2026-03-14_18-47-17
2026-03-14_20-06-40,0,draft.java:2026-03-14_20-06-40
2026-03-14_20-08-00,0,draft.java:2026-03-14_20-08-00
2026-03-14_20-09-32,0,draft.java:2026-03-14_20-09-32
2026-03-14_20-25-26,0,draft.java:2026-03-14_20-25-26
2026-03-14_20-48-17,0,draft.java:2026-03-14_20-48-17
2026-03-14_21-04-21,0,draft.java:2026-03-14_21-04-21
2026-03-15_01-23-32,0,draft.java:2026-03-14_21-04-21
2026-03-15_01-34-51,0,draft.java:2026-03-15_01-34-51
2026-03-15_01-36-33,0,draft.java:2026-03-15_01-36-33
2026-03-15_01-39-39,0,draft.java:2026-03-15_01-39-39
2026-03-15_01-40-33,25,draft.java:2026-03-15_01-40-33
2026-03-15_01-41-06,25,draft.java:2026-03-15_01-41-06
2026-03-15_01-41-34,25,draft.java:2026-03-15_01-41-34
2026-03-15_01-41-55,25,draft.java:2026-03-15_01-41-55
2026-03-15_01-42-10,25,draft.java:2026-03-15_01-41-55
2026-03-15_01-42-23,25,draft.java:2026-03-15_01-41-55
2026-03-15_01-42-58,25,draft.java:2026-03-15_01-42-58
2026-03-15_01-43-22,25,draft.java:2026-03-15_01-43-22
2026-03-15_01-45-01,75,draft.java:2026-03-15_01-45-01
2026-03-15_01-45-45,25,draft.java:2026-03-15_01-45-45
2026-03-15_01-46-03,25,draft.java:2026-03-15_01-46-03
2026-03-15_02-04-11,100,draft.java:2026-03-15_02-04-11
2026-03-15_02-14-04,100,draft.java:2026-03-15_02-04-11
