2026-04-07_19-41-23,0,main.go:2026-04-07_19-41-23
2026-04-07_19-41-23,0,main.go:2026-04-07_19-41-23
2026-04-07_19-41-51,0,main.go:2026-04-07_19-41-51
2026-04-07_19-44-20,0,main.go:2026-04-07_19-44-20
2026-04-07_19-46-51,0,main.go:2026-04-07_19-44-20
2026-04-07_19-47-25,0,main.go:2026-04-07_19-47-25
2026-04-07_19-47-30,---,main.go:2026-04-07_19-47-25
2026-04-07_19-47-56,0,main.go:2026-04-07_19-47-25
2026-04-07_19-52-40,0,main.go:2026-04-07_19-52-40
2026-04-07_19-54-15,0,main.go:2026-04-07_19-54-15
2026-04-07_19-54-44,0,main.go:2026-04-07_19-54-44
2026-04-07_19-55-44,0,main.go:2026-04-07_19-55-44
2026-04-07_20-00-48,0,main.go:2026-04-07_19-55-44
2026-04-07_20-02-18,0,main.go:2026-04-07_20-02-18
2026-04-07_20-02-20,0,main.go:2026-04-07_20-02-18
2026-04-07_20-02-51,0,main.go:2026-04-07_20-02-51
2026-04-07_20-02-53,0,main.go:2026-04-07_20-02-51
2026-04-07_20-03-59,0,main.go:2026-04-07_20-03-59
2026-04-07_20-04-00,0,main.go:2026-04-07_20-03-59
2026-04-08_00-40-00,0,main.go:2026-04-08_00-40-00
2026-04-08_00-41-16,0,main.go:2026-04-08_00-41-16
2026-04-08_00-42-28,0,main.go:2026-04-08_00-42-28
2026-04-08_00-43-22,16,main.go:2026-04-08_00-43-22
2026-04-08_00-51-33,16,main.go:2026-04-08_00-51-33
2026-04-08_00-52-14,33,main.go:2026-04-08_00-52-14
2026-04-08_01-03-35,33,main.go:2026-04-08_01-03-35
2026-04-08_01-03-52,33,main.go:2026-04-08_01-03-52
2026-04-08_01-04-14,33,main.go:2026-04-08_01-04-14
2026-04-08_01-05-41,33,main.go:2026-04-08_01-04-14
2026-04-08_21-37-32,33,main.go:2026-04-08_01-04-14
2026-04-08_21-59-19,33,main.go:2026-04-08_21-59-19
2026-04-08_21-59-41,33,main.go:2026-04-08_21-59-41
2026-04-08_22-00-39,33,main.go:2026-04-08_22-00-39
2026-04-08_22-09-29,33,main.go:2026-04-08_22-09-29
2026-04-08_22-09-47,33,main.go:2026-04-08_22-09-47
2026-04-08_22-18-08,50,main.go:2026-04-08_22-18-08
2026-04-08_22-30-50,50,main.go:2026-04-08_22-30-50
2026-04-08_22-31-18,50,main.go:2026-04-08_22-31-18
2026-04-08_22-31-37,50,main.go:2026-04-08_22-31-37
2026-04-08_22-33-34,50,main.go:2026-04-08_22-33-34
2026-04-08_22-33-56,66,main.go:2026-04-08_22-33-56
2026-04-08_22-36-01,66,main.go:2026-04-08_22-36-01
2026-04-08_22-36-15,83,main.go:2026-04-08_22-36-15
2026-04-08_22-39-07,0,main.go:2026-04-08_22-39-07
2026-04-08_22-48-30,83,main.go:2026-04-08_22-48-30
2026-04-08_23-08-57,83,main.go:2026-04-08_23-08-57
2026-04-08_23-10-50,83,main.go:2026-04-08_23-10-50
2026-04-08_23-18-00,100,main.go:2026-04-08_23-18-00
2026-04-11_18-02-00,100,main.go:2026-04-08_23-18-00
