2026-03-20_12-33-55,0,Shell.java:2026-03-20_12-33-55
2026-03-24_18-19-38,42,Shell.java:2026-03-24_18-19-38
2026-03-24_18-37-52,28,Shell.java:2026-03-24_18-37-52
2026-03-24_18-39-03,28,Shell.java:2026-03-24_18-39-03
2026-03-24_18-41-02,42,Shell.java:2026-03-24_18-41-02
2026-03-24_18-43-16,42,Shell.java:2026-03-24_18-43-16
2026-03-24_18-48-21,42,Shell.java:2026-03-24_18-48-21
2026-03-24_18-50-08,42,Shell.java:2026-03-24_18-50-08
2026-03-24_18-54-52,57,Shell.java:2026-03-24_18-54-52
2026-03-24_18-56-49,71,Shell.java:2026-03-24_18-56-49
2026-03-24_18-57-24,85,Shell.java:2026-03-24_18-57-24
2026-03-24_19-01-03,85,Shell.java:2026-03-24_19-01-03
2026-03-24_19-04-27,100,Shell.java:2026-03-24_19-04-27
